Account,Token Account,Quantity,Percentage
3QG6gVk3fdimzQaKX9zf7J6kCs5DRLKg1RNea3VBosDJ,6yTvtzfXcCBeDaMhL3e8YE9BUT5ZrcnbhT68B4Fk3ADA,84.471357243,84.47
HLnpSz9h2S4hiLQ43rnSD9XkcUThA7B8hQMKmDaiTLcC,CKG82jmfaqkNsPRybCtKYtqhHNoXqGRYo21iqzuyjj2T,0.115488592,0.12
BsoVmE9Xo84QhT6m5zEmiky4nTsYyCABf75s23VrFLtV,9xvUs1eJfBXdPvVGYfiGs16EWkg9oXdoH8oaQF9muJ1B,0.066907065,0.07
EdcQWq625eHD18aCoBDvATxudXyr8qLN942KmJ9zqKKb,7awuUE5uCKbeRrxSwnAGFeCgzu8m8UghzUjGBczq5RjP,0.033936254,0.03
GpMZbSM2GgvTKHJirzeGfMFoaZ8UR2X7F4v8vHTvxFbL,Ayrp3EtZcvrGmGoZPiuuUTeza53mPBrVyhXrG6Ni7mth,0.017440459,0.02
CMLRz17fSBAitrjEYxGnm1dHfKfmiNxGEvy1p8grmYai,3nzMBMjWaVySuAD8kgVJecy54i83aGcVirm2rEYseTti,0.0136514,0.01
FtjtJVQRTbH7fTf9eXSL8NHo4qfj4jcNxjM4JniTDUSi,Cd57J8qqjiNXYjDYDKAxFna4FVYHZ9bCXAaac6wgJZvz,0.00233916,0.00
GpMZbSM2GgvTKHJirzeGfMFoaZ8UR2X7F4v8vHTvxFbL,DRwn4xYx8Be54VxzE3FGwDWcs6yjDT1j76dMK6amvakf,0.001581079,0.00
GQhp1metiEge237QfN6rLtFENiz9BW2RCV3s3KPEbWdJ,DqdxwexZHpS9CvjTh2eXToxsEKwra2nETt4X1xsHvjm6,0.001076109,0.00
B9cfFyijuPZgZa6teR8ctSVZefXijMMDthqDyKhfeJDf,6zTW21rB5QxmAgMxq2egvhR1FFzxwWEuCkg6t517zXb9,0.000179717,0.00
FURrDAcbpHQVW3x4wzzNNKaJuQPqYN6aKHzbb211Dnzn,4WhBqJf9Z6aKLRNyB4rXA8ka6Na2R1UzTZE9L39S4rwR,7.31e-7,0.00
GEUDKx63wXKrn7ognB2gkmy8YRNkVF1hgS4sBEg9nZVm,BQiswcmLkyXPsmdMzDtGpLQAKcnFGA1bgL4fRc4CCgJd,5.85e-7,0.00
